file,rows_in,rows_out,bad_tradeDate_rows,duplicate_tradeDate_rows,placeholder_cells,duplicate_column_groups,bad_close_rows,status
000009.XSHE.csv,735,735,0,0,0,1,0,ok
000021.XSHE.csv,735,735,0,0,0,1,0,ok
000027.XSHE.csv,735,735,0,0,0,1,0,ok
000032.XSHE.csv,735,735,0,0,0,1,0,ok
000034.XSHE.csv,735,735,0,0,0,1,0,ok
000039.XSHE.csv,735,735,0,0,0,1,0,ok
000050.XSHE.csv,735,735,0,0,0,1,0,ok
000060.XSHE.csv,735,735,0,0,0,1,0,ok
000062.XSHE.csv,735,735,0,0,0,1,0,ok
000066.XSHE.csv,735,735,0,0,0,1,0,ok
000155.XSHE.csv,735,735,0,0,0,1,0,ok
000400.XSHE.csv,735,735,0,0,0,1,0,ok
000403.XSHE.csv,735,735,0,0,0,1,0,ok
000415.XSHE.csv,735,735,0,0,0,1,0,ok
000423.XSHE.csv,735,735,0,0,0,1,0,ok
000426.XSHE.csv,735,735,0,0,0,1,0,ok
000429.XSHE.csv,735,735,0,0,0,1,0,ok
000513.XSHE.csv,735,735,0,0,0,1,0,ok
000519.XSHE.csv,735,735,0,0,0,1,0,ok
000528.XSHE.csv,735,735,0,0,0,1,0,ok
000537.XSHE.csv,735,735,0,0,0,1,0,ok
000539.XSHE.csv,735,735,0,0,0,1,0,ok
000543.XSHE.csv,735,735,0,0,0,1,0,ok
000559.XSHE.csv,735,735,0,0,0,1,0,ok
000563.XSHE.csv,735,735,0,0,0,1,0,ok
000582.XSHE.csv,735,735,0,0,0,1,0,ok
000591.XSHE.csv,735,735,0,0,0,1,0,ok
000598.XSHE.csv,735,735,0,0,0,1,0,ok
000623.XSHE.csv,735,735,0,0,0,1,0,ok
000629.XSHE.csv,735,735,0,0,0,1,0,ok
000636.XSHE.csv,735,735,0,0,0,1,0,ok
000683.XSHE.csv,735,735,0,0,0,1,0,ok
000703.XSHE.csv,735,735,0,0,0,1,0,ok
000709.XSHE.csv,735,735,0,0,0,1,0,ok
000723.XSHE.csv,735,735,0,0,0,1,0,ok
000728.XSHE.csv,735,735,0,0,0,1,0,ok
000729.XSHE.csv,735,735,0,0,0,1,0,ok
000733.XSHE.csv,735,735,0,0,0,1,0,ok
000738.XSHE.csv,735,735,0,0,0,1,0,ok
000739.XSHE.csv,735,735,0,0,0,1,0,ok
000750.XSHE.csv,735,735,0,0,0,1,0,ok
000783.XSHE.csv,735,735,0,0,0,1,0,ok
000785.XSHE.csv,735,735,0,0,0,1,0,ok
000825.XSHE.csv,735,735,0,0,0,1,0,ok
000830.XSHE.csv,735,735,0,0,0,1,0,ok
000831.XSHE.csv,735,735,0,0,0,1,0,ok
000878.XSHE.csv,735,735,0,0,0,1,0,ok
000883.XSHE.csv,735,735,0,0,0,1,0,ok
000887.XSHE.csv,735,735,0,0,0,1,0,ok
000893.XSHE.csv,735,735,0,0,0,1,0,ok
000898.XSHE.csv,735,735,0,0,0,1,0,ok
000921.XSHE.csv,735,735,0,0,0,1,0,ok
000932.XSHE.csv,735,735,0,0,0,1,0,ok
000933.XSHE.csv,735,735,0,0,0,1,0,ok
000937.XSHE.csv,735,735,0,0,0,1,0,ok
000951.XSHE.csv,735,735,0,0,0,1,0,ok
000958.XSHE.csv,735,735,0,0,0,1,0,ok
000959.XSHE.csv,735,735,0,0,0,1,0,ok
000960.XSHE.csv,735,735,0,0,0,1,0,ok
000967.XSHE.csv,735,735,0,0,0,1,0,ok
000987.XSHE.csv,735,735,0,0,0,1,0,ok
000988.XSHE.csv,735,735,0,0,0,1,0,ok
000997.XSHE.csv,735,735,0,0,0,1,0,ok
001213.XSHE.csv,735,735,0,0,0,1,0,ok
001286.XSHE.csv,735,735,0,0,0,1,0,ok
001389.XSHE.csv,735,735,0,0,0,1,0,ok
001696.XSHE.csv,735,735,0,0,0,1,0,ok
002007.XSHE.csv,735,735,0,0,0,1,0,ok
002008.XSHE.csv,735,735,0,0,0,1,0,ok
002025.XSHE.csv,735,735,0,0,0,1,0,ok
002044.XSHE.csv,735,735,0,0,0,1,0,ok
002056.XSHE.csv,735,735,0,0,0,1,0,ok
002064.XSHE.csv,735,735,0,0,0,1,0,ok
002065.XSHE.csv,735,735,0,0,0,1,0,ok
002078.XSHE.csv,735,735,0,0,0,1,0,ok
002080.XSHE.csv,735,735,0,0,0,1,0,ok
002085.XSHE.csv,735,735,0,0,0,1,0,ok
002120.XSHE.csv,735,735,0,0,0,1,0,ok
002130.XSHE.csv,735,735,0,0,0,1,0,ok
002138.XSHE.csv,735,735,0,0,0,1,0,ok
002152.XSHE.csv,735,735,0,0,0,1,0,ok
002153.XSHE.csv,735,735,0,0,0,1,0,ok
002155.XSHE.csv,735,735,0,0,0,1,0,ok
002156.XSHE.csv,735,735,0,0,0,1,0,ok
002185.XSHE.csv,735,735,0,0,0,1,0,ok
002195.XSHE.csv,735,735,0,0,0,1,0,ok
002202.XSHE.csv,735,735,0,0,0,1,0,ok
002203.XSHE.csv,735,735,0,0,0,1,0,ok
002223.XSHE.csv,735,735,0,0,0,1,0,ok
002244.XSHE.csv,735,735,0,0,0,1,0,ok
002261.XSHE.csv,735,735,0,0,0,1,0,ok
002262.XSHE.csv,735,735,0,0,0,1,0,ok
002266.XSHE.csv,735,735,0,0,0,1,0,ok
002273.XSHE.csv,735,735,0,0,0,1,0,ok
002281.XSHE.csv,735,735,0,0,0,1,0,ok
002294.XSHE.csv,735,735,0,0,0,1,0,ok
002299.XSHE.csv,735,735,0,0,0,1,0,ok
002312.XSHE.csv,735,735,0,0,0,1,0,ok
002318.XSHE.csv,735,735,0,0,0,1,0,ok
002340.XSHE.csv,735,735,0,0,0,1,0,ok
002353.XSHE.csv,735,735,0,0,0,1,0,ok
002372.XSHE.csv,735,735,0,0,0,1,0,ok
002385.XSHE.csv,735,735,0,0,0,1,0,ok
002409.XSHE.csv,735,735,0,0,0,1,0,ok
002410.XSHE.csv,735,735,0,0,0,1,0,ok
002414.XSHE.csv,735,735,0,0,0,1,0,ok
002423.XSHE.csv,735,735,0,0,0,1,0,ok
002429.XSHE.csv,735,735,0,0,0,1,0,ok
002430.XSHE.csv,735,735,0,0,0,1,0,ok
002432.XSHE.csv,735,735,0,0,0,1,0,ok
002436.XSHE.csv,735,735,0,0,0,1,0,ok
002439.XSHE.csv,735,735,0,0,0,1,0,ok
002444.XSHE.csv,735,735,0,0,0,1,0,ok
002461.XSHE.csv,735,735,0,0,0,1,0,ok
002465.XSHE.csv,735,735,0,0,0,1,0,ok
002472.XSHE.csv,735,735,0,0,0,1,0,ok
002500.XSHE.csv,735,735,0,0,0,1,0,ok
002507.XSHE.csv,735,735,0,0,0,1,0,ok
002508.XSHE.csv,735,735,0,0,0,1,0,ok
002517.XSHE.csv,735,735,0,0,0,1,0,ok
002532.XSHE.csv,735,735,0,0,0,1,0,ok
002558.XSHE.csv,735,735,0,0,0,1,0,ok
002563.XSHE.csv,735,735,0,0,0,1,0,ok
002568.XSHE.csv,735,735,0,0,0,1,0,ok
002572.XSHE.csv,735,735,0,0,0,1,0,ok
002595.XSHE.csv,735,735,0,0,0,1,0,ok
002603.XSHE.csv,735,735,0,0,0,1,0,ok
002607.XSHE.csv,735,735,0,0,0,1,0,ok
002608.XSHE.csv,735,735,0,0,0,1,0,ok
002624.XSHE.csv,735,735,0,0,0,1,0,ok
002653.XSHE.csv,735,735,0,0,0,1,0,ok
002670.XSHE.csv,735,735,0,0,0,1,0,ok
002673.XSHE.csv,735,735,0,0,0,1,0,ok
002683.XSHE.csv,735,735,0,0,0,1,0,ok
002738.XSHE.csv,735,735,0,0,0,1,0,ok
002739.XSHE.csv,735,735,0,0,0,1,0,ok
002756.XSHE.csv,735,735,0,0,0,1,0,ok
002773.XSHE.csv,735,735,0,0,0,1,0,ok
002797.XSHE.csv,735,735,0,0,0,1,0,ok
002821.XSHE.csv,735,735,0,0,0,1,0,ok
002831.XSHE.csv,735,735,0,0,0,1,0,ok
002837.XSHE.csv,735,735,0,0,0,1,0,ok
002841.XSHE.csv,735,735,0,0,0,1,0,ok
002850.XSHE.csv,735,735,0,0,0,1,0,ok
002851.XSHE.csv,735,735,0,0,0,1,0,ok
002926.XSHE.csv,735,735,0,0,0,1,0,ok
002939.XSHE.csv,735,735,0,0,0,1,0,ok
002945.XSHE.csv,735,735,0,0,0,1,0,ok
002958.XSHE.csv,735,735,0,0,0,1,0,ok
002966.XSHE.csv,735,735,0,0,0,1,0,ok
002984.XSHE.csv,735,735,0,0,0,1,0,ok
003022.XSHE.csv,735,735,0,0,0,1,0,ok
003031.XSHE.csv,735,735,0,0,0,1,0,ok
003035.XSHE.csv,735,735,0,0,0,1,0,ok
300001.XSHE.csv,735,735,0,0,0,1,0,ok
300002.XSHE.csv,735,735,0,0,0,1,0,ok
300003.XSHE.csv,735,735,0,0,0,1,0,ok
300012.XSHE.csv,735,735,0,0,0,1,0,ok
300017.XSHE.csv,735,735,0,0,0,1,0,ok
300024.XSHE.csv,735,735,0,0,0,1,0,ok
300037.XSHE.csv,735,735,0,0,0,1,0,ok
300054.XSHE.csv,735,735,0,0,0,1,0,ok
300058.XSHE.csv,735,735,0,0,0,1,0,ok
300070.XSHE.csv,735,735,0,0,0,1,0,ok
300073.XSHE.csv,735,735,0,0,0,1,0,ok
300115.XSHE.csv,735,735,0,0,0,1,0,ok
300136.XSHE.csv,735,735,0,0,0,1,0,ok
300140.XSHE.csv,735,735,0,0,0,1,0,ok
300142.XSHE.csv,735,735,0,0,0,1,0,ok
300144.XSHE.csv,735,735,0,0,0,1,0,ok
300146.XSHE.csv,735,735,0,0,0,1,0,ok
300207.XSHE.csv,735,735,0,0,0,1,0,ok
300212.XSHE.csv,735,735,0,0,0,1,0,ok
300223.XSHE.csv,735,735,0,0,0,1,0,ok
300251.XSHE.csv,735,735,0,0,0,1,0,ok
300285.XSHE.csv,735,735,0,0,0,1,0,ok
300339.XSHE.csv,735,735,0,0,0,1,0,ok
300346.XSHE.csv,735,735,0,0,0,1,0,ok
300373.XSHE.csv,735,735,0,0,0,1,0,ok
300383.XSHE.csv,735,735,0,0,0,1,0,ok
300390.XSHE.csv,735,735,0,0,0,1,0,ok
300395.XSHE.csv,735,735,0,0,0,1,0,ok
300450.XSHE.csv,735,735,0,0,0,1,0,ok
300454.XSHE.csv,735,735,0,0,0,1,0,ok
300458.XSHE.csv,735,735,0,0,0,1,0,ok
300474.XSHE.csv,735,735,0,0,0,1,0,ok
300476.XSHE.csv,735,735,0,0,0,1,0,ok
300487.XSHE.csv,735,735,0,0,0,1,0,ok
300496.XSHE.csv,735,735,0,0,0,1,0,ok
300529.XSHE.csv,735,735,0,0,0,1,0,ok
300558.XSHE.csv,735,735,0,0,0,1,0,ok
300567.XSHE.csv,735,735,0,0,0,1,0,ok
300573.XSHE.csv,735,735,0,0,0,1,0,ok
300595.XSHE.csv,735,735,0,0,0,1,0,ok
300601.XSHE.csv,735,735,0,0,0,1,0,ok
300604.XSHE.csv,735,735,0,0,0,1,0,ok
300623.XSHE.csv,735,735,0,0,0,1,0,ok
300627.XSHE.csv,735,735,0,0,0,1,0,ok
300676.XSHE.csv,735,735,0,0,0,1,0,ok
300677.XSHE.csv,735,735,0,0,0,1,0,ok
300679.XSHE.csv,735,735,0,0,0,1,0,ok
300699.XSHE.csv,735,735,0,0,0,1,0,ok
300724.XSHE.csv,735,735,0,0,0,1,0,ok
300735.XSHE.csv,735,735,0,0,0,1,0,ok
300748.XSHE.csv,735,735,0,0,0,1,0,ok
300751.XSHE.csv,735,735,0,0,0,1,0,ok
300757.XSHE.csv,735,735,0,0,0,1,0,ok
300763.XSHE.csv,735,735,0,0,0,1,0,ok
300765.XSHE.csv,735,735,0,0,0,1,0,ok
300803.XSHE.csv,735,735,0,0,0,1,0,ok
300857.XSHE.csv,735,735,0,0,0,1,0,ok
300888.XSHE.csv,735,735,0,0,0,1,0,ok
300919.XSHE.csv,735,735,0,0,0,1,0,ok
300957.XSHE.csv,735,735,0,0,0,1,0,ok
301165.XSHE.csv,735,735,0,0,0,1,0,ok
301267.XSHE.csv,735,735,0,0,0,1,0,ok
301301.XSHE.csv,735,735,0,0,0,1,0,ok
301308.XSHE.csv,735,735,0,0,0,1,0,ok
301358.XSHE.csv,735,735,0,0,0,1,0,ok
301498.XSHE.csv,735,735,0,0,0,1,0,ok
301536.XSHE.csv,735,735,0,0,0,1,0,ok
600004.XSHG.csv,735,735,0,0,0,1,0,ok
600007.XSHG.csv,735,735,0,0,0,1,0,ok
600008.XSHG.csv,735,735,0,0,0,1,0,ok
600021.XSHG.csv,735,735,0,0,0,1,0,ok
600032.XSHG.csv,735,735,0,0,0,1,0,ok
600038.XSHG.csv,735,735,0,0,0,1,0,ok
600056.XSHG.csv,735,735,0,0,0,1,0,ok
600060.XSHG.csv,735,735,0,0,0,1,0,ok
600062.XSHG.csv,735,735,0,0,0,1,0,ok
600079.XSHG.csv,735,735,0,0,0,1,0,ok
600095.XSHG.csv,735,735,0,0,0,1,0,ok
600096.XSHG.csv,735,735,0,0,0,1,0,ok
600098.XSHG.csv,735,735,0,0,0,1,0,ok
600109.XSHG.csv,735,735,0,0,0,1,0,ok
600118.XSHG.csv,735,735,0,0,0,1,0,ok
600126.XSHG.csv,735,735,0,0,0,1,0,ok
600131.XSHG.csv,735,735,0,0,0,1,0,ok
600132.XSHG.csv,735,735,0,0,0,1,0,ok
600141.XSHG.csv,735,735,0,0,0,1,0,ok
600143.XSHG.csv,735,735,0,0,0,1,0,ok
600153.XSHG.csv,735,735,0,0,0,1,0,ok
600155.XSHG.csv,735,735,0,0,0,1,0,ok
600157.XSHG.csv,735,735,0,0,0,1,0,ok
600166.XSHG.csv,735,735,0,0,0,1,0,ok
600170.XSHG.csv,735,735,0,0,0,1,0,ok
600171.XSHG.csv,735,735,0,0,0,1,0,ok
600177.XSHG.csv,735,735,0,0,0,1,0,ok
600208.XSHG.csv,735,735,0,0,0,1,0,ok
600258.XSHG.csv,735,735,0,0,0,1,0,ok
600271.XSHG.csv,735,735,0,0,0,1,0,ok
600282.XSHG.csv,735,735,0,0,0,1,0,ok
600295.XSHG.csv,735,735,0,0,0,1,0,ok
600298.XSHG.csv,735,735,0,0,0,1,0,ok
600299.XSHG.csv,735,735,0,0,0,1,0,ok
600312.XSHG.csv,735,735,0,0,0,1,0,ok
600316.XSHG.csv,735,735,0,0,0,1,0,ok
600325.XSHG.csv,735,735,0,0,0,1,0,ok
600329.XSHG.csv,735,735,0,0,0,1,0,ok
600339.XSHG.csv,735,735,0,0,0,1,0,ok
600348.XSHG.csv,735,735,0,0,0,1,0,ok
600352.XSHG.csv,735,735,0,0,0,1,0,ok
600361.XSHG.csv,735,735,0,0,0,1,0,ok
600363.XSHG.csv,735,735,0,0,0,1,0,ok
600369.XSHG.csv,735,735,0,0,0,1,0,ok
600373.XSHG.csv,735,735,0,0,0,1,0,ok
600378.XSHG.csv,735,735,0,0,0,1,0,ok
600380.XSHG.csv,735,735,0,0,0,1,0,ok
600390.XSHG.csv,735,735,0,0,0,1,0,ok
600392.XSHG.csv,735,735,0,0,0,1,0,ok
600398.XSHG.csv,735,735,0,0,0,1,0,ok
600435.XSHG.csv,735,735,0,0,0,1,0,ok
600483.XSHG.csv,735,735,0,0,0,1,0,ok
600486.XSHG.csv,735,735,0,0,0,1,0,ok
600487.XSHG.csv,735,735,0,0,0,1,0,ok
600497.XSHG.csv,735,735,0,0,0,1,0,ok
600498.XSHG.csv,735,735,0,0,0,1,0,ok
600499.XSHG.csv,735,735,0,0,0,1,0,ok
600511.XSHG.csv,735,735,0,0,0,1,0,ok
600516.XSHG.csv,735,735,0,0,0,1,0,ok
600517.XSHG.csv,735,735,0,0,0,1,0,ok
600521.XSHG.csv,735,735,0,0,0,1,0,ok
600528.XSHG.csv,735,735,0,0,0,1,0,ok
600529.XSHG.csv,735,735,0,0,0,1,0,ok
600535.XSHG.csv,735,735,0,0,0,1,0,ok
600536.XSHG.csv,735,735,0,0,0,1,0,ok
600546.XSHG.csv,735,735,0,0,0,1,0,ok
600549.XSHG.csv,735,735,0,0,0,1,0,ok
600562.XSHG.csv,735,735,0,0,0,1,0,ok
600563.XSHG.csv,735,735,0,0,0,1,0,ok
600566.XSHG.csv,735,735,0,0,0,1,0,ok
600578.XSHG.csv,735,735,0,0,0,1,0,ok
600580.XSHG.csv,735,735,0,0,0,1,0,ok
600582.XSHG.csv,735,735,0,0,0,1,0,ok
600583.XSHG.csv,735,735,0,0,0,1,0,ok
600598.XSHG.csv,735,735,0,0,0,1,0,ok
600606.XSHG.csv,735,735,0,0,0,1,0,ok
600612.XSHG.csv,735,735,0,0,0,1,0,ok
600637.XSHG.csv,735,735,0,0,0,1,0,ok
600655.XSHG.csv,735,735,0,0,0,1,0,ok
600663.XSHG.csv,735,735,0,0,0,1,0,ok
600673.XSHG.csv,735,735,0,0,0,1,0,ok
600685.XSHG.csv,735,735,0,0,0,1,0,ok
600688.XSHG.csv,735,735,0,0,0,1,0,ok
600699.XSHG.csv,735,735,0,0,0,1,0,ok
600704.XSHG.csv,735,735,0,0,0,1,0,ok
600707.XSHG.csv,735,735,0,0,0,1,0,ok
600720.XSHG.csv,735,735,0,0,0,1,0,ok
600737.XSHG.csv,735,735,0,0,0,1,0,ok
600739.XSHG.csv,735,735,0,0,0,1,0,ok
600754.XSHG.csv,735,735,0,0,0,1,0,ok
600763.XSHG.csv,735,735,0,0,0,1,0,ok
600764.XSHG.csv,735,735,0,0,0,1,0,ok
600765.XSHG.csv,735,735,0,0,0,1,0,ok
600801.XSHG.csv,735,735,0,0,0,1,0,ok
600808.XSHG.csv,735,735,0,0,0,1,0,ok
600816.XSHG.csv,735,735,0,0,0,1,0,ok
600820.XSHG.csv,735,735,0,0,0,1,0,ok
600839.XSHG.csv,735,735,0,0,0,1,0,ok
600848.XSHG.csv,735,735,0,0,0,1,0,ok
600859.XSHG.csv,735,735,0,0,0,1,0,ok
600862.XSHG.csv,735,735,0,0,0,1,0,ok
600863.XSHG.csv,735,735,0,0,0,1,0,ok
600867.XSHG.csv,735,735,0,0,0,1,0,ok
600871.XSHG.csv,735,735,0,0,0,1,0,ok
600872.XSHG.csv,735,735,0,0,0,1,0,ok
600873.XSHG.csv,735,735,0,0,0,1,0,ok
600879.XSHG.csv,735,735,0,0,0,1,0,ok
600884.XSHG.csv,735,735,0,0,0,1,0,ok
600885.XSHG.csv,735,735,0,0,0,1,0,ok
600895.XSHG.csv,735,735,0,0,0,1,0,ok
600901.XSHG.csv,735,735,0,0,0,1,0,ok
600906.XSHG.csv,735,735,0,0,0,1,0,ok
600909.XSHG.csv,735,735,0,0,0,1,0,ok
600925.XSHG.csv,735,735,0,0,0,1,0,ok
600927.XSHG.csv,735,735,0,0,0,1,0,ok
600928.XSHG.csv,735,735,0,0,0,1,0,ok
600956.XSHG.csv,735,735,0,0,0,1,0,ok
600959.XSHG.csv,735,735,0,0,0,1,0,ok
600968.XSHG.csv,735,735,0,0,0,1,0,ok
600970.XSHG.csv,735,735,0,0,0,1,0,ok
600977.XSHG.csv,735,735,0,0,0,1,0,ok
600985.XSHG.csv,735,735,0,0,0,1,0,ok
600988.XSHG.csv,735,735,0,0,0,1,0,ok
600995.XSHG.csv,735,735,0,0,0,1,0,ok
600998.XSHG.csv,735,735,0,0,0,1,0,ok
601000.XSHG.csv,735,735,0,0,0,1,0,ok
601001.XSHG.csv,735,735,0,0,0,1,0,ok
601016.XSHG.csv,735,735,0,0,0,1,0,ok
601019.XSHG.csv,735,735,0,0,0,1,0,ok
601061.XSHG.csv,735,735,0,0,0,1,0,ok
601098.XSHG.csv,735,735,0,0,0,1,0,ok
601099.XSHG.csv,735,735,0,0,0,1,0,ok
601106.XSHG.csv,735,735,0,0,0,1,0,ok
601108.XSHG.csv,735,735,0,0,0,1,0,ok
601118.XSHG.csv,735,735,0,0,0,1,0,ok
601128.XSHG.csv,735,735,0,0,0,1,0,ok
601139.XSHG.csv,735,735,0,0,0,1,0,ok
601155.XSHG.csv,735,735,0,0,0,1,0,ok
601156.XSHG.csv,735,735,0,0,0,1,0,ok
601158.XSHG.csv,735,735,0,0,0,1,0,ok
601162.XSHG.csv,735,735,0,0,0,1,0,ok
601168.XSHG.csv,735,735,0,0,0,1,0,ok
601179.XSHG.csv,735,735,0,0,0,1,0,ok
601198.XSHG.csv,735,735,0,0,0,1,0,ok
601212.XSHG.csv,735,735,0,0,0,1,0,ok
601216.XSHG.csv,735,735,0,0,0,1,0,ok
601228.XSHG.csv,735,735,0,0,0,1,0,ok
601231.XSHG.csv,735,735,0,0,0,1,0,ok
601233.XSHG.csv,735,735,0,0,0,1,0,ok
601333.XSHG.csv,735,735,0,0,0,1,0,ok
601399.XSHG.csv,735,735,0,0,0,1,0,ok
601456.XSHG.csv,735,735,0,0,0,1,0,ok
601555.XSHG.csv,735,735,0,0,0,1,0,ok
601568.XSHG.csv,735,735,0,0,0,1,0,ok
601577.XSHG.csv,735,735,0,0,0,1,0,ok
601598.XSHG.csv,735,735,0,0,0,1,0,ok
601608.XSHG.csv,735,735,0,0,0,1,0,ok
601611.XSHG.csv,735,735,0,0,0,1,0,ok
601615.XSHG.csv,735,735,0,0,0,1,0,ok
601636.XSHG.csv,735,735,0,0,0,1,0,ok
601665.XSHG.csv,735,735,0,0,0,1,0,ok
601666.XSHG.csv,735,735,0,0,0,1,0,ok
601696.XSHG.csv,735,735,0,0,0,1,0,ok
601717.XSHG.csv,735,735,0,0,0,1,0,ok
601858.XSHG.csv,735,735,0,0,0,1,0,ok
601866.XSHG.csv,735,735,0,0,0,1,0,ok
601880.XSHG.csv,735,735,0,0,0,1,0,ok
601918.XSHG.csv,735,735,0,0,0,1,0,ok
601921.XSHG.csv,735,735,0,0,0,1,0,ok
601928.XSHG.csv,735,735,0,0,0,1,0,ok
601933.XSHG.csv,735,735,0,0,0,1,0,ok
601958.XSHG.csv,735,735,0,0,0,1,0,ok
601965.XSHG.csv,735,735,0,0,0,1,0,ok
601966.XSHG.csv,735,735,0,0,0,1,0,ok
601990.XSHG.csv,735,735,0,0,0,1,0,ok
601991.XSHG.csv,735,735,0,0,0,1,0,ok
601997.XSHG.csv,735,735,0,0,0,1,0,ok
603000.XSHG.csv,735,735,0,0,0,1,0,ok
603077.XSHG.csv,735,735,0,0,0,1,0,ok
603087.XSHG.csv,735,735,0,0,0,1,0,ok
603129.XSHG.csv,735,735,0,0,0,1,0,ok
603156.XSHG.csv,735,735,0,0,0,1,0,ok
603160.XSHG.csv,735,735,0,0,0,1,0,ok
603179.XSHG.csv,735,735,0,0,0,1,0,ok
603225.XSHG.csv,735,735,0,0,0,1,0,ok
603228.XSHG.csv,735,735,0,0,0,1,0,ok
603233.XSHG.csv,735,735,0,0,0,1,0,ok
603290.XSHG.csv,735,735,0,0,0,1,0,ok
603298.XSHG.csv,735,735,0,0,0,1,0,ok
603338.XSHG.csv,735,735,0,0,0,1,0,ok
603341.XSHG.csv,735,735,0,0,0,1,0,ok
603345.XSHG.csv,735,735,0,0,0,1,0,ok
603379.XSHG.csv,735,735,0,0,0,1,0,ok
603486.XSHG.csv,735,735,0,0,0,1,0,ok
603529.XSHG.csv,735,735,0,0,0,1,0,ok
603556.XSHG.csv,735,735,0,0,0,1,0,ok
603565.XSHG.csv,735,735,0,0,0,1,0,ok
603568.XSHG.csv,735,735,0,0,0,1,0,ok
603589.XSHG.csv,735,735,0,0,0,1,0,ok
603596.XSHG.csv,735,735,0,0,0,1,0,ok
603605.XSHG.csv,735,735,0,0,0,1,0,ok
603606.XSHG.csv,735,735,0,0,0,1,0,ok
603650.XSHG.csv,735,735,0,0,0,1,0,ok
603658.XSHG.csv,735,735,0,0,0,1,0,ok
603659.XSHG.csv,735,735,0,0,0,1,0,ok
603688.XSHG.csv,735,735,0,0,0,1,0,ok
603707.XSHG.csv,735,735,0,0,0,1,0,ok
603728.XSHG.csv,735,735,0,0,0,1,0,ok
603737.XSHG.csv,735,735,0,0,0,1,0,ok
603786.XSHG.csv,735,735,0,0,0,1,0,ok
603816.XSHG.csv,735,735,0,0,0,1,0,ok
603826.XSHG.csv,735,735,0,0,0,1,0,ok
603858.XSHG.csv,735,735,0,0,0,1,0,ok
603868.XSHG.csv,735,735,0,0,0,1,0,ok
603885.XSHG.csv,735,735,0,0,0,1,0,ok
603893.XSHG.csv,735,735,0,0,0,1,0,ok
603899.XSHG.csv,735,735,0,0,0,1,0,ok
603927.XSHG.csv,735,735,0,0,0,1,0,ok
603939.XSHG.csv,735,735,0,0,0,1,0,ok
603979.XSHG.csv,735,735,0,0,0,1,0,ok
605358.XSHG.csv,735,735,0,0,0,1,0,ok
605589.XSHG.csv,735,735,0,0,0,1,0,ok
688002.XSHG.csv,735,735,0,0,0,1,0,ok
688017.XSHG.csv,735,735,0,0,0,1,0,ok
688027.XSHG.csv,735,735,0,0,0,1,0,ok
688032.XSHG.csv,735,735,0,0,0,1,0,ok
688052.XSHG.csv,735,735,0,0,0,1,0,ok
688065.XSHG.csv,735,735,0,0,0,1,0,ok
688072.XSHG.csv,735,735,0,0,0,1,0,ok
688099.XSHG.csv,735,735,0,0,0,1,0,ok
688100.XSHG.csv,735,735,0,0,0,1,0,ok
688114.XSHG.csv,735,735,0,0,0,1,0,ok
688120.XSHG.csv,735,735,0,0,0,1,0,ok
688122.XSHG.csv,735,735,0,0,0,1,0,ok
688153.XSHG.csv,735,735,0,0,0,1,0,ok
688172.XSHG.csv,735,735,0,0,0,1,0,ok
688180.XSHG.csv,735,735,0,0,0,1,0,ok
688183.XSHG.csv,735,735,0,0,0,1,0,ok
688188.XSHG.csv,735,735,0,0,0,1,0,ok
688213.XSHG.csv,735,735,0,0,0,1,0,ok
688220.XSHG.csv,735,735,0,0,0,1,0,ok
688234.XSHG.csv,735,735,0,0,0,1,0,ok
688235.XSHG.csv,735,735,0,0,0,1,0,ok
688248.XSHG.csv,735,735,0,0,0,1,0,ok
688249.XSHG.csv,735,735,0,0,0,1,0,ok
688278.XSHG.csv,735,735,0,0,0,1,0,ok
688281.XSHG.csv,735,735,0,0,0,1,0,ok
688295.XSHG.csv,735,735,0,0,0,1,0,ok
688297.XSHG.csv,735,735,0,0,0,1,0,ok
688301.XSHG.csv,735,735,0,0,0,1,0,ok
688318.XSHG.csv,735,735,0,0,0,1,0,ok
688349.XSHG.csv,735,735,0,0,0,1,0,ok
688361.XSHG.csv,735,735,0,0,0,1,0,ok
688363.XSHG.csv,735,735,0,0,0,1,0,ok
688375.XSHG.csv,735,735,0,0,0,1,0,ok
688385.XSHG.csv,735,735,0,0,0,1,0,ok
688387.XSHG.csv,735,735,0,0,0,1,0,ok
688425.XSHG.csv,735,735,0,0,0,1,0,ok
688469.XSHG.csv,735,735,0,0,0,1,0,ok
688475.XSHG.csv,735,735,0,0,0,1,0,ok
688520.XSHG.csv,735,735,0,0,0,1,0,ok
688521.XSHG.csv,735,735,0,0,0,1,0,ok
688525.XSHG.csv,735,735,0,0,0,1,0,ok
688538.XSHG.csv,735,735,0,0,0,1,0,ok
688561.XSHG.csv,735,735,0,0,0,1,0,ok
688563.XSHG.csv,735,735,0,0,0,1,0,ok
688568.XSHG.csv,735,735,0,0,0,1,0,ok
688578.XSHG.csv,735,735,0,0,0,1,0,ok
688582.XSHG.csv,735,735,0,0,0,1,0,ok
688608.XSHG.csv,735,735,0,0,0,1,0,ok
688617.XSHG.csv,735,735,0,0,0,1,0,ok
688676.XSHG.csv,735,735,0,0,0,1,0,ok
688702.XSHG.csv,735,735,0,0,0,1,0,ok
688728.XSHG.csv,735,735,0,0,0,1,0,ok
688772.XSHG.csv,735,735,0,0,0,1,0,ok
688777.XSHG.csv,735,735,0,0,0,1,0,ok
688778.XSHG.csv,735,735,0,0,0,1,0,ok
688819.XSHG.csv,735,735,0,0,0,1,0,ok
689009.XSHG.csv,735,735,0,0,0,1,0,ok
